{
    "development":{
    "username":"xaqktsbukjawgh",
    "password":"89f28ec6b27aea11f576abe62d59a224f3f251347fa8f58fbc99e77da28f8772",
    "database":"d8egbn160pgm7o",
    "host":"ec2-54-204-44-140.compute-1.amazonaws.com",
    "port":"5432",
    "dialectOptions":{
        "ssl":true
    },
    "ssl":true,
    "dialect":"postgres",
    "operatorAliases":false
   },

    "test":{
    "username":"xaqktsbukjawgh",
    "password":"89f28ec6b27aea11f576abe62d59a224f3f251347fa8f58fbc99e77da28f8772",
    "database":"d8egbn160pgm7o",
    "host":"ec2-54-204-44-140.compute-1.amazonaws.com",
    "port":"5432",
    "dialectOptions":{
        "ssl":true
    },
    "ssl":true,
    "dialect":"postgres",
    "operatorAliases":false
   },

   
    "production":{
    "username":"xaqktsbukjawgh",
    "password":"89f28ec6b27aea11f576abe62d59a224f3f251347fa8f58fbc99e77da28f8772",
    "database":"d8egbn160pgm7o",
    "host":"ec2-54-204-44-140.compute-1.amazonaws.com",
    "port":"5432",
    "dialectOptions":{
        "ssl":true
    },
    "ssl":true,
    "dialect":"postgres",
    "operatorAliases":false
   }
}







